Title,Artist
Supernova,aespa
해야 (HEYA),IVE (아이브)
SPOT! (feat. JENNIE),지코 (ZICO)
Magnetic,아일릿(ILLIT)
소나기,이클립스 (ECLIPSE)
고민중독,QWER
첫 만남은 계획대로 되지 않아,TWS (투어스)
SHEESH,BABYMONSTER
나는 아픈 건 딱 질색이니까,(여자)아이들
밤양갱,비비(BIBI)
미안해 미워해 사랑해,Crush
한 페이지가 될 수 있게,DAY6 (데이식스)
Welcome to the Show,DAY6 (데이식스)
Lucky Girl Syndrome,아일릿(ILLIT)
Run Run,이클립스 (ECLIPSE)
Midas Touch,KISS OF LIFE
Hype Boy,NewJeans
Accendio,IVE (아이브)
예뻤어,DAY6 (데이식스)
Love wins all,아이유(IU)
200,마크 (MARK)
천상연,이창섭
MAESTRO,세븐틴(SEVENTEEN)
ETA,NewJeans
에피소드,이무진
To. X,태연 (TAEYEON)
Attention,NewJeans
Ditto,NewJeans
Girls Never Die,tripleS (트리플에스)
Impossible,RIIZE
Super Shy,NewJeans
그랬나봐,김형중
I AM,IVE (아이브)
Feel the POP,ZEROBASEONE (제로베이스원)
Siren,RIIZE
반딧불 (Little Light),도영 (DOYOUNG)
비의 랩소디,임재현
HAPPY,DAY6 (데이식스)
MANIAC,VIVIZ (비비지)
Star,엔플라잉(N.Flying)
Smart,LE SSERAFIM (르세라핌)
By Your Side,Crush
Discord,QWER
Get A Guitar,RIIZE
홀씨,아이유(IU)
멈춰줘,헤이즈(Heize)
Love 119,RIIZE
New Jeans,NewJeans
You & I,이클립스 (ECLIPSE)
OMG,NewJeans
After LIKE,IVE (아이브)
그대만 있다면 (여름날 우리 X 너드커넥션 (Nerd Connection)),너드커넥션(Nerd Connection)
G.T.H.O.,PITTA (강형호)
만날테니까,이클립스 (ECLIPSE)
Spicy,aespa
봄눈,10CM
Drama,aespa
인사,범진
EASY,LE SSERAFIM (르세라핌)
Perfect Night,LE SSERAFIM (르세라핌)
헤어지자 말해요,박재정
Love me or Leave me,DAY6 (데이식스)
Seven (feat. Latto) - Clean Ver.,정국
Love Lee,AKMU(악뮤)
Obsessed,Ayumu Imazu
I'll Be There,이클립스 (ECLIPSE)
LOVE DIVE,IVE (아이브)
DASH,NMIXX
You & Me,제니 (JENNIE)
퀸카 (Queencard),(여자)아이들
Mars,도경수(D.O.)
좋아해요,폴킴(Paul Kim)
"Yes or No (Feat. 허윤진 of LE SSERAFIM, Crush)",그루비룸 (GroovyRoom)
숲,최유리
Steal The Show (From “엘리멘탈”),Lauv(라우브)
후라이의 꿈,AKMU(악뮤)
"모든 날, 모든 순간 (Every day, Every Moment)",폴킴(Paul Kim)
자꾸만 웃게 돼,부석순(SEVENTEEN)
Wife,(여자)아이들
꿈,태연 (TAEYEON)
Kitsch,IVE (아이브)
Popcorn,도경수(D.O.)
꿈결같아서,민니 ((여자)아이들)
사랑인가 봐,멜로망스(MeloMance)
Shopper,아이유(IU)
사건의 지평선,윤하(Younha/ユンナ)
사랑은 늘 도망가,임영웅
Dangerously,Charlie Puth(찰리 푸스)
주저하는 연인들을 위해,잔나비
너의 모든 순간,성시경
내 입술 따뜻한 커피처럼,조이 (JOY)조이 (JOY)
청춘찬가,세븐틴(SEVENTEEN)
Wish You Hell,웬디(WENDY)
When I Get Old,Christopher(크리스토퍼)Christopher(크리스토퍼)
I Don’t Think That I Like Her,Charlie Puth(찰리 푸스)
혹시 세상에 혼자 남겨진 것 같다면,우디(Woody)
Baddie,IVE (아이브)
Super Lady,(여자)아이들
관객이 될게 (I stan U),아이유(IU)
